<?xml version="1.0" encoding="ISO-8859-1"?>
<!DOCTYPE jhelpdev PUBLIC "-//jhelpdev.sourcefore.net//JHelpDev Configuration Settings 1.2" "http://jhelpdev.sourceforge.net/dtd/jhelpdev_1_2.dtd"><!--generated by JHelpDev Version: 0.29-04/01/05, see jhelpdev.sourceforge.org-->

<jhelpdev version="1.2">
 <config>
  <project>
tb_help
  </project>
  <projectdir>
C:\Documents and Settings\Owner\Desktop\help_temp\userguide\thingamablog\help
  </projectdir>
  <startpage>
index.html
  </startpage>
  <popupicon>
images/popup.gif
  </popupicon>
 </config>
 <view>
  <helptitle>
Thingamablog Help
  </helptitle>
  <toc showing="yes" label="TOC"/>

  <index showing="no" label="Index"/>

  <search showing="yes" label="Search"/>

 </view>
 <encoding value="ISO-8859-1"/>

</jhelpdev>