<?xml version="1.0" encoding="ISO-8859-1"?>
<!DOCTYPE toc PUBLIC "-//Sun Microsystems Inc.//DTD JavaHelp TOC Version 1.0//EN" "http://java.sun.com/products/javahelp/toc_1_0.dtd"><!--generated by JHelpDev Version: 0.29-04/01/05, see jhelpdev.sourceforge.net-->

<toc version="1.0">
 <tocitem text="Thingamablog Help " target="index" image="images.help_doc"/>

 <tocitem text="About Thingamablog " target="about" image="images.help_doc"/>

 <tocitem text="Credits " target="credits" image="images.help_doc"/>

 <tocitem text="License " target="license" image="images.help_doc"/>

 <tocitem text="Getting Started " target="ch01.index">
  <tocitem text="Installation " target="ch01.item1" image="images.help_doc"/>

  <tocitem text="Running Thingamablog " target="ch01.item2" image="images.help_doc"/>

  <tocitem text="Creating Databases " target="ch01.item3" image="images.help_doc"/>

 </tocitem>
 <tocitem text="Quick Start Tutorial " target="ch02.index">
  <tocitem text="Creating a Weblog " target="ch02.ch02_01.index">
   <tocitem text="Setting up the Weblog " target="ch02.ch02_01.item1" image="images.help_doc"/>

   <tocitem text="Adding Categories and Authors " target="ch02.ch02_01.item2" image="images.help_doc"/>

   <tocitem text="Choosing a Template " target="ch02.ch02_01.item3" image="images.help_doc"/>

   <tocitem text="Publishing Settings " target="ch02.ch02_01.item4" image="images.help_doc"/>

  </tocitem>
  <tocitem text="Creating Entries " target="ch02.ch02_02.index">
   <tocitem text="Posting a First Entry " target="ch02.ch02_02.item1" image="images.help_doc"/>

   <tocitem text="Posting Entries from News Items " target="ch02.ch02_02.item2" image="images.help_doc"/>

   <tocitem text="Editing and Deleting Entries " target="ch02.ch02_02.item3" image="images.help_doc"/>

  </tocitem>
  <tocitem text="Publishing the Weblog " target="ch02.ch02_03.index">
   <tocitem text="Publishing to the Web " target="ch02.ch02_03.item1" image="images.help_doc"/>

   <tocitem text="Publishing from the Entry Editor " target="ch02.ch02_03.item2" image="images.help_doc"/>

  </tocitem>
  <tocitem text="Working with Templates " target="ch02.ch02_04.index">
   <tocitem text="Editing and Saving Templates " target="ch02.ch02_04.item1" image="images.help_doc"/>

   <tocitem text="Creating Custom Template Tags " target="ch02.ch02_04.item2" image="images.help_doc"/>

   <tocitem text="Adding Custom Tags to a Template " target="ch02.ch02_04.item3" image="images.help_doc"/>

  </tocitem>
 </tocitem>
 <tocitem text="Using Thingamablog " target="ch03.index">
  <tocitem text="The Main Window " target="ch03.item1" image="images.help_doc"/>

  <tocitem text="Entry Editor " target="ch03.item2" image="images.help_doc"/>

  <tocitem text="Saving Entries as Drafts " target="ch03.item3" image="images.help_doc"/>

  <tocitem text="Publishing Images " target="ch03.item4" image="images.help_doc"/>

  <tocitem text="Template Editor " target="ch03.item5" image="images.help_doc"/>

  <tocitem text="Importing and Exporting Weblog data " target="ch03.item6" image="images.help_doc"/>

  <tocitem text="Configuring Thingamablog " target="ch03.ch03_01.index">
   <tocitem text="General Options " target="ch03.ch03_01.item1" image="images.help_doc"/>

   <tocitem text="Feed Reader Options " target="ch03.ch03_01.item4" image="images.help_doc"/>

   <tocitem text="Browser Options " target="ch03.ch03_01.item2" image="images.help_doc"/>

   <tocitem text="Proxy Settings " target="ch03.ch03_01.item3" image="images.help_doc"/>

  </tocitem>
  <tocitem text="Integrated News Reader " target="ch03.ch03_02.index">
   <tocitem text="Updating News " target="ch03.ch03_02.item1" image="images.help_doc"/>

   <tocitem text="Adding and Removing Feeds and Folders " target="ch03.ch03_02.item2" image="images.help_doc"/>

   <tocitem text="Importing and Exporting Feeds " target="ch03.ch03_02.item3" image="images.help_doc"/>

  </tocitem>
  <tocitem text="Weblog Management " target="ch03.ch03_03.index">
   <tocitem text="Creating Weblogs " target="ch03.ch03_03.item1" image="images.help_doc"/>

   <tocitem text="Editing Weblog Templates " target="ch03.ch03_03.item2" image="images.help_doc"/>

   <tocitem text="Web Files " target="ch03.ch03_03.item3" image="images.help_doc"/>

   <tocitem text="Deleting Weblogs " target="ch03.ch03_03.item4" image="images.help_doc"/>

  </tocitem>
  <tocitem text="Weblog Configuration " target="ch03.ch03_04.index">
   <tocitem text="General Options " target="ch03.ch03_04.item1" image="images.help_doc"/>

   <tocitem text="Front Page Options " target="ch03.ch03_04.item2" image="images.help_doc"/>

   <tocitem text="Archiving Options " target="ch03.ch03_04.item3" image="images.help_doc"/>

   <tocitem text="Category Options " target="ch03.ch03_04.item4" image="images.help_doc"/>

   <tocitem text="Author Options " target="ch03.ch03_04.item5" image="images.help_doc"/>

   <tocitem text="Custom Tag Options " target="ch03.ch03_04.item6" image="images.help_doc"/>

   <tocitem text="Pinging Options " target="ch03.ch03_04.item7" image="images.help_doc"/>

   <tocitem text="Publishing Options " target="ch03.ch03_04.item8" image="images.help_doc"/>

  </tocitem>
 </tocitem>
 <tocitem text="Template Elements " target="ch04.index">
  <tocitem text="Tag Types " target="ch04.item1" image="images.help_doc"/>

  <tocitem text="Global Tags " target="ch04.item2" image="images.help_doc"/>

  <tocitem text="Archive Lists " target="ch04.item3" image="images.help_doc"/>

  <tocitem text="Category Lists " target="ch04.item4" image="images.help_doc"/>

  <tocitem text="Calendar Tags " target="ch04.item5" image="images.help_doc"/>

  <tocitem text="Entry Tags " target="ch04.item6" image="images.help_doc"/>

  <tocitem text="NextPage/PreviousPage " target="ch04.item7" image="images.help_doc"/>

  <tocitem text="Include " target="ch04.item8" image="images.help_doc"/>

 </tocitem>
</toc>